,Product Name,Prices,Description,Reviews
0,"OnePlus Nord CE 2 Lite 5G (Blue Tide, 128 GB)","₹18,024",6 GB RAM | 128 GB ROM16.74 cm (6.59 inch) Display64MP Rear Camera | 16MP Front Camera5000 mAh Battery12 Months,4.4
1,"realme 11 5G (Glory Black, 128 GB)","₹15,999",8 GB RAM | 128 GB ROM | Expandable Upto 2 TB17.07 cm (6.72 inch) Full HD+ Display108MP + 2MP | 16MP Front Camera5000 mAh BatteryDimensity 6100+ Processor1 Year Manufacturer Warranty for Phone and 6 Months Warranty for In the Box Accessories,4.3
2,"Motorola G34 5G (Ice Blue, 128 GB)","₹10,999",4 GB RAM | 128 GB ROM16.51 cm (6.5 inch) HD+ Display50MP + 2MP | 16MP Front Camera5000 mAh BatterySnapdragon 695 5G Processor1 Year on Handset and 6 Months on Accessories,4.2
3,"OnePlus Nord CE 3 Lite 5G (Chromatic Gray, 128 GB)","₹18,462",8 GB RAM | 128 GB ROM17.07 cm (6.72 inch) Display108MP Rear Camera5000 mAh BatteryDomestic Warranty of 12 months on phone & 6 months on accessories,4.4
4,"vivo T2x 5G (Black Gladiator, 128 GB)","₹12,999",6 GB RAM | 128 GB ROM16.71 cm (6.58 inch) Full HD+ Display50MP + 2MP | 8MP Front Camera5000 mAh BatteryMediatek Dimensity 6020 Processor1 Year of Device & 6 Months for Inbox Accessories,4.4
5,"vivo T2x 5G (Sunstone Orange, 128 GB)","₹12,999",6 GB RAM | 128 GB ROM16.71 cm (6.58 inch) Full HD+ Display50MP + 2MP | 8MP Front Camera5000 mAh BatteryMediatek Dimensity 6020 Processor1 Year of Device & 6 Months for Inbox Accessories,4.4
6,"realme 11x 5G (Purple Dawn, 128 GB)","₹14,999",8 GB RAM | 128 GB ROM | Expandable Upto 2 TB17.07 cm (6.72 inch) Full HD+ Display64MP + 2MP | 8MP Front Camera5000 mAh BatteryDimensity 6100+ Processor1 Year Manufacturer Warranty for Phone and 6 Months Warranty for In the Box Accessories,4.3
7,"SAMSUNG Galaxy M14 5G (Icy Silver, 128 GB)","₹11,996",6 GB RAM | 128 GB ROM16.76 cm (6.6 inch) Display50MP Rear Camera6000 mAh Battery1 year,4.2
8,"POCO M6 Pro 5G (Power Black, 256 GB)","₹12,999",8 GB RAM | 256 GB ROM | Expandable Upto 1 TB17.25 cm (6.79 inch) Full HD+ Display50MP + 2MP | 8MP Front Camera5000 mAh BatterySnapdragon 4 Gen 2 Processor1 Year Manufacturer Warranty for Phone and 6 Months Warranty for In the Box Accessories,4.2
9,"REDMI 12 (Jade Black, 128 GB)","₹10,499",6 GB RAM | 128 GB ROM | Expandable Upto 1 TB17.25 cm (6.79 inch) Full HD+ Display50MP + 8MP + 2MP | 8MP Front Camera5000 mAh BatteryHelio G88 Processor1 Year Manufacturer Warranty for Phone and 6 Months Warranty for in the Box Accessories,4.2
10,"REDMI A2 (Aqua Blue, 64 GB)","₹10,999",4 GB RAM | 64 GB ROM | Expandable Upto 1 TB16.56 cm (6.52 inch) HD+ Display8MP Rear Camera | 5MP Front Camera5000 mAh BatteryHelio G36 Processor1 Year Manufacturer Warranty for Phone and 6 Months Warranty for In the Box Accessories,4.2
11,"Infinix Note 30 5G (Magic Black, 128 GB)","₹14,999",4 GB RAM | 128 GB ROM | Expandable Upto 2 TB17.22 cm (6.78 inch) Full HD+ Display108 MP + 2 MP+ AI Lens | 16MP Front Camera5000 mAh Li-ion Polymer BatteryDimensity 6080 Processor1 Year on Handset and 6 Months on Accessories,4.1
12,"Infinix Note 30 5G (Sunset Gold, 256 GB)","₹14,999",8 GB RAM | 256 GB ROM | Expandable Upto 2 TB17.22 cm (6.78 inch) Full HD+ Display108 MP + 2 MP+ AI Lens | 16MP Front Camera5000 mAh Li-ion Polymer BatteryDimensity 6080 Processor1 Year on Handset and 6 Months on Accessories,4.2
13,"POCO M6 5G (Galactic Black, 128 GB)","₹10,499",6 GB RAM | 128 GB ROM | Expandable Upto 1 TB17.12 cm (6.74 inch) HD+ Display50MP Rear Camera5000 mAh BatteryMediatek Dimensity 6100+ Processor1 Year Manufacturer Warranty for Phone and 6 Months Warranty for In the Box Accessories,4.3
14,"Motorola g54 5G (Pearl Blue, 256 GB)","₹15,999",12 GB RAM | 256 GB ROM | Expandable Upto 1 TB16.51 cm (6.5 inch) Full HD+ Display50MP (OIS) + 8MP | 16MP Front Camera6000 mAh BatteryDimensity 7020 Processor1 Year on Handset and 6 Months on Accessories,4.2
15,"REDMI 13c 5G (Startrail Silver, 256 GB)","₹14,408",8 GB RAM | 256 GB ROM17.12 cm (6.74 inch) Display50MP Rear Camera5000 mAh Battery1 Year,4.2
16,"REDMI 12 5G (Pastel Blue, 128 GB)","₹13,499",6 GB RAM | 128 GB ROM | Expandable Upto 1 TB17.25 cm (6.79 inch) Full HD+ Display50MP + 2MP | 8MP Front Camera5000 mAh BatterySnapdragon 4 Gen 2 Processor1 Year Manufacturer Warranty for Phone and 6 Months Warranty for In the Box Accessories,4.3
17,"REDMI 12 5G (Moonstone Silver, 256 GB)","₹14,999",8 GB RAM | 256 GB ROM | Expandable Upto 1 TB17.25 cm (6.79 inch) Full HD+ Display50MP + 2MP | 8MP Front Camera5000 mAh BatterySnapdragon 4 Gen 2 Processor1 Year Manufacturer Warranty for Phone and 6 Months Warranty for In the Box Accessories,4.2
18,"realme 11 5G (Glory Black, 256 GB)","₹17,999",8 GB RAM | 256 GB ROM | Expandable Upto 2 TB17.07 cm (6.72 inch) Full HD+ Display108MP + 2MP | 16MP Front Camera5000 mAh BatteryDimensity 6100+ Processor1 Year Manufacturer Warranty for Phone and 6 Months Warranty for In the Box Accessories,4.3
19,"realme 11 5G (Glory Gold, 256 GB)","₹17,999",8 GB RAM | 256 GB ROM | Expandable Upto 2 TB17.07 cm (6.72 inch) Full HD+ Display108MP + 2MP | 16MP Front Camera5000 mAh BatteryDimensity 6100+ Processor1 Year Manufacturer Warranty for Phone and 6 Months Warranty for In the Box Accessories,4.3
20,"REDMI 13c 5G (Startrail Silver, 128 GB)","₹12,130",6 GB RAM | 128 GB ROM17.12 cm (6.74 inch) Display50MP Rear Camera5000 mAh Battery1 Year,4.2
21,"REDMI 13c 5G (Startrail Green, 128 GB)","₹12,002",6 GB RAM | 128 GB ROM17.12 cm (6.74 inch) Display50MP Rear Camera5000 mAh Battery1 Year,4.2
22,"POCO M6 5G (Galactic Black, 256 GB)","₹11,999",8 GB RAM | 256 GB ROM | Expandable Upto 1 TB17.12 cm (6.74 inch) HD+ Display50MP Rear Camera5000 mAh BatteryMediatek Dimensity 6100+ Processor1 Year Manufacturer Warranty for Phone and 6 Months Warranty for In the Box Accessories,4.3
23,"OnePlus Nord CE 2 Lite 5G (Black Dusk, 128 GB)","₹17,538",6 GB RAM | 128 GB ROM16.74 cm (6.59 inch) Display64MP Rear Camera | 16MP Front Camera5000 mAh Battery12 months,4.4
24,"Infinix HOT 30 5G (Knight Black, 128 GB)","₹12,999",8 GB RAM | 128 GB ROM | Expandable Upto 1 TB17.22 cm (6.78 inch) Full HD+ Display50 MP + AI Lens | 8MP Front Camera6000 mAh Lithium Ion Polymer BatteryDimensity 6020 5G Processor1 Year on Handset and 6 Months on Accessories,4.2
25,"Infinix HOT 30 5G (Aurora Blue, 128 GB)","₹12,999",8 GB RAM | 128 GB ROM | Expandable Upto 1 TB17.22 cm (6.78 inch) Full HD+ Display50 MP + AI Lens | 8MP Front Camera6000 mAh Lithium Ion Polymer BatteryDimensity 6020 5G Processor1 Year on Handset and 6 Months on Accessories,4.2
26,"SAMSUNG Galaxy M14 5G (Icy Silver, 128 GB)","₹11,996",6 GB RAM | 128 GB ROM16.76 cm (6.6 inch) Display50MP Rear Camera6000 mAh Battery1 year,4.2
27,"POCO M6 5G (Polaris Green, 256 GB)","₹11,999",8 GB RAM | 256 GB ROM | Expandable Upto 1 TB17.12 cm (6.74 inch) HD+ Display50MP Rear Camera5000 mAh BatteryMediatek Dimensity 6100+ Processor1 Year Manufacturer Warranty for Phone and 6 Months Warranty for In the Box Accessories,4.3
28,"Infinix Note 30 5G (Sunset Gold, 128 GB)","₹14,999",4 GB RAM | 128 GB ROM | Expandable Upto 2 TB17.22 cm (6.78 inch) Full HD+ Display108 MP + 2 MP+ AI Lens | 16MP Front Camera5000 mAh Li-ion Polymer BatteryDimensity 6080 Processor1 Year on Handset and 6 Months on Accessories,4.1
29,"Infinix HOT 30 5G (Miami Orange, 128 GB)","₹11,499",4 GB RAM | 128 GB ROM | Expandable Upto 1 TB17.22 cm (6.78 inch) Full HD+ Display50 MP + AI Lens | 8MP Front Camera6000 mAh Lithium Ion Polymer BatteryDimensity 6020 5G Processor1 Year on Handset and 6 Months on Accessories,4.2
30,"REDMI 12 (Jade Black, 128 GB)","₹10,499",6 GB RAM | 128 GB ROM | Expandable Upto 1 TB17.25 cm (6.79 inch) Full HD+ Display50MP + 8MP + 2MP | 8MP Front Camera5000 mAh BatteryHelio G88 Processor1 Year Manufacturer Warranty for Phone and 6 Months Warranty for in the Box Accessories,4.2
31,"REDMI 13c 5G (Startrail Silver, 128 GB)","₹12,130",6 GB RAM | 128 GB ROM17.12 cm (6.74 inch) Display50MP Rear Camera5000 mAh Battery1 Year,4.2
32,"REDMI 13c 5G (Startrail Green, 128 GB)","₹12,002",6 GB RAM | 128 GB ROM17.12 cm (6.74 inch) Display50MP Rear Camera5000 mAh Battery1 Year,4.2
33,"REDMI 13C (Starshine Green, 128 GB)","₹10,399",4 GB RAM | 128 GB ROM | Expandable Upto 1 TB17.12 cm (6.74 inch) HD+ Display50MP Rear Camera | 8MP Front Camera5000 mAh BatteryHelio G85 Processor1 Year Manufacturer Warranty for Phone and 6 Months Warranty for In the Box Accessories,4.3
34,"SAMSUNG Galaxy M14 5G (Smoky Teal, 128 GB)","₹12,088",6 GB RAM | 128 GB ROM16.76 cm (6.6 inch) Display50MP Rear Camera6000 mAh Battery1 year manufacturer for handset and 6 month for accessories,4.2
35,"REDMI 13c 5G (Startrail Green, 256 GB)","₹14,150",8 GB RAM | 256 GB ROM17.12 cm (6.74 inch) Display50MP Rear Camera5000 mAh Battery1 Year,4.2
36,"realme C67 5G (Sunny Oasis, 128 GB)","₹11,999",4 GB RAM | 128 GB ROM | Expandable Upto 2 TB17.07 cm (6.72 inch) Full HD+ Display50MP + 2MP | 8MP Front Camera5000 mAh BatteryDimensity 6100+ Processor1 Year Manufacturer Warranty for Phone and 6 Months Warranty for In the Box Accessories,4.4
37,"REDMI 13c 5G (Startrail Green, 128 GB)","₹10,963",4 GB RAM | 128 GB ROM17.12 cm (6.74 inch) Display50MP Rear Camera5000 mAh Battery1 Year,4.3
38,"REDMI 13c 5G (Starlight Black, 128 GB)","₹10,920",4 GB RAM | 128 GB ROM17.12 cm (6.74 inch) Display50MP Rear Camera5000 mAh Battery1 Year,4.3
39,"Motorola g84 5G (Midnight Blue, 256 GB)","₹17,999",12 GB RAM | 256 GB ROM16.64 cm (6.55 inch) Full HD+ Display50MP (OIS) + 8MP | 16MP Front Camera5000 mAh BatterySnapdragon 695 Processor1 Year on Handset and 6 Months on Accessories,4.2
40,"SAMSUNG Galaxy M34 5G without charger (Prism Silver, 128 GB)","₹15,669",6 GB RAM | 128 GB ROM16.51 cm (6.5 inch) Display50MP Rear Camera6000 mAh BatteryDomestic 1 Year of Device & 6 Months for In-Box Accessories,4.2
41,"realme C67 5G (Dark Purple, 128 GB)","₹11,999",4 GB RAM | 128 GB ROM | Expandable Upto 2 TB17.07 cm (6.72 inch) Full HD+ Display50MP + 2MP | 8MP Front Camera5000 mAh BatteryDimensity 6100+ Processor1 Year Manufacturer Warranty for Phone and 6 Months Warranty for In the Box Accessories,4.4
42,"OnePlus Nord CE 3 Lite 5G (Pastel Lime, 128 GB)","₹18,782",8 GB RAM | 128 GB ROM17.07 cm (6.72 inch) Display108MP Rear Camera5000 mAh BatteryDomestic Warranty of 12 months on phone & 6 months on accessories,4.4
43,"realme Narzo N53 (Feather Gold, 128 GB)","₹10,199",6 GB RAM | 128 GB ROM17.12 cm (6.74 inch) Display50MP Rear Camera5000 mAh BatteryDomestic 1 Year on Handset and 6 Months on Accessories,4.2
44,"IQOO Z7S 5G (Pacific Night, 128 GB)","₹17,199","8 GB RAM | 128 GB ROM16.26 cm (6.4 inch) Display64MP Rear Camera4500 mAh Battery1 Year for  handset ,6 months for accessories",4.3
45,"realme C67 5G (Sunny Oasis, 128 GB)","₹14,999",6 GB RAM | 128 GB ROM | Expandable Upto 2 TB17.07 cm (6.72 inch) Full HD+ Display50MP + 2MP | 8MP Front Camera5000 mAh BatteryDimensity 6100+ Processor1 Year Manufacturer Warranty for Phone and 6 Months Warranty for In the Box Accessories,4.2
46,"IQOO Z7s 5G (?Pacific Night, 128 GB)","₹15,620",6 GB RAM | 128 GB ROM16.21 cm (6.38 inch) Display64MP Rear Camera4500 mAh BatteryDomestic 1 Year on Handset and 6 Months on Accessories,4.3
47,"realme Narzo 60 5G (Mars Orange, 128 GB)","₹15,610",8 GB RAM | 128 GB ROM16.33 cm (6.43 inch) Display64MP Rear Camera5000 mAh BatteryDomestic 1 Year of Device & 6 Months for In-Box Accessories,4.3
48,"realme Narzo N55 (Prime Black, 128 GB)","₹10,089",6 GB RAM | 128 GB ROM17.07 cm (6.72 inch) Display64MP Rear Camera5000 mAh Battery1 Year Domestic Warranty for Phone and 6 Months Warranty for In-Box Accessories,4.3
49,"Infinix HOT 30 5G (Knight Black, 128 GB)","₹11,499",4 GB RAM | 128 GB ROM | Expandable Upto 1 TB17.22 cm (6.78 inch) Full HD+ Display50 MP + AI Lens | 8MP Front Camera6000 mAh Lithium Ion Polymer BatteryDimensity 6020 5G Processor1 Year on Handset and 6 Months on Accessories,4.2
50,"Infinix HOT 30 5G (Aurora Blue, 128 GB)","₹11,499",4 GB RAM | 128 GB ROM | Expandable Upto 1 TB17.22 cm (6.78 inch) Full HD+ Display50 MP + AI Lens | 8MP Front Camera6000 mAh Lithium Ion Polymer BatteryDimensity 6020 5G Processor1 Year on Handset and 6 Months on Accessories,4.2
51,"REDMI 13C (Starshine Green, 128 GB)","₹10,399",4 GB RAM | 128 GB ROM | Expandable Upto 1 TB17.12 cm (6.74 inch) HD+ Display50MP Rear Camera | 8MP Front Camera5000 mAh BatteryHelio G85 Processor1 Year Manufacturer Warranty for Phone and 6 Months Warranty for In the Box Accessories,4.3
52,"REDMI 12 5G (Moonstone Silver, 128 GB)","₹12,821",6 GB RAM | 128 GB ROM | Expandable Upto 1 TB17.25 cm (6.79 inch) Full HD+ Display50MP + 2MP | 8MP Front Camera5000 mAh BatterySnapdragon 4 Gen 2 Processor1 Year Manufacturer Warranty for Phone and 6 Months Warranty for In the Box Accessories,4.3
53,"REDMI Note 13 5G (Arctic White, 256 GB)","₹19,122",8 GB RAM | 256 GB ROM16.94 cm (6.67 inch) Display108MP Rear Camera5000 mAh Battery1 Year Brand Warranty,4.1
54,"realme Narzo N55 (Prime Blue, 128 GB)","₹10,040",6 GB RAM | 128 GB ROM17.07 cm (6.72 inch) Display64MP Rear Camera5000 mAh Battery1 Year Domestic Warranty for Phone and 6 Months Warranty for In-Box Accessories,4.3
55,"SAMSUNG Galaxy M14 5G (ICY Silver, 128 GB)","₹11,399",4 GB RAM | 128 GB ROM16.76 cm (6.6 inch) Display50MP Rear Camera6000 mAh Battery1 year for handset and 6 month for accessories,4.2
56,"SAMSUNG Galaxy A15 5G (Light Blue, 128 GB)","₹19,499",8 GB RAM | 128 GB ROM | Expandable Upto 1 TB16.51 cm (6.5 inch) Full HD+ Display50MP + 5MP + 2MP | 13MP Front Camera5000 mAh BatteryDimensity 6100+ Processor1 Year Manufacturer Warranty for Device and 6 Months for In-Box Accessories,4.2
57,"realme Narzo N53 (Feather Gold, 128 GB)","₹10,109","8 GB RAM | 128 GB ROM17.12 cm (6.74 inch) HD+ Display50MP Rear Camera5000 mAh BatteryAndroid 13, Realme UI T ProcessorDomestic 1 Year on Handset and 6 Months on Accessories",4.2
58,"SAMSUNG Galaxy M04 (Dark Blue, 64 GB)","₹11,499",4 GB RAM | 64 GB ROM | Expandable Upto 1 TB16.51 cm (6.5 inch) HD+ Display13MP + 13MP | 5MP + 5MP Dual Front Camera5000 mAh BatteryMediaTek Helio P35 octa core Processor1 year manufacturer warranty for device and 6 months manufacturer warranty for in-box accessories including batteries from the date of purchase,4.1
59,"Infinix HOT 30 5G (Miami Orange, 128 GB)","₹12,999",8 GB RAM | 128 GB ROM | Expandable Upto 1 TB17.22 cm (6.78 inch) Full HD+ Display50 MP + AI Lens | 8MP Front Camera6000 mAh Lithium Ion Polymer BatteryDimensity 6020 5G Processor1 Year on Handset and 6 Months on Accessories,4.2
60,"SAMSUNG Galaxy M04 (Light Green, 64 GB)","₹11,499",4 GB RAM | 64 GB ROM16.51 cm (6.5 inch) HD+ Display13MP + 2MP | 5MP Front Camera5000 mAh BatteryMediaTek Helio P35 Processor1 year manufacturer warranty for device and 6 months manufacturer warranty for in-box accessories including batteries from the date of purchase,4.1
61,"REDMI 13c 5G (Starlight Black, 128 GB)","₹12,038",6 GB RAM | 128 GB ROM17.12 cm (6.74 inch) Display50MP Rear Camera5000 mAh Battery1 Year,4.2
62,"realme Narzo N53 (Feather Black, 128 GB)","₹10,224",8 GB RAM | 128 GB ROM17.12 cm (6.74 inch) Display50MP Rear Camera5000 mAh BatteryDomestic 1 Year on Handset and 6 Months on Accessories,4.2
63,"REDMI 13c 5G (Starlight Black, 256 GB)","₹14,103",8 GB RAM | 256 GB ROM17.12 cm (6.74 inch) Display50MP Rear Camera5000 mAh Battery1 Year,4.2
64,"realme Narzo N55 (Prime Blue, 64 GB)","₹10,655",4 GB RAM | 64 GB ROM17.07 cm (6.72 inch) Display64MP Rear Camera5000 mAh Battery1 Year Domestic Warranty for Phone and 6 Months Warranty for In-Box Accessories,4.3
65,"realme Narzo N53 (Feather Black, 64 GB)","₹10,999",4 GB RAM | 64 GB ROM17.12 cm (6.74 inch) Full HD Display50MP Rear Camera5000 mAh BatteryDomestic 1 Year on Handset and 6 Months on Accessories,4.2
66,"OPPO A17 (Lake Blue, 64 GB)","₹10,990",4 GB RAM | 64 GB ROM | Expandable Upto 2 TB16.66 cm (6.56 inch) HD+ Display50MP + 0.3MP + 0.3MP | 5MP Front Camera5000 mAh Lithium-ion Polymer BatteryMediatek Helio G35 Processor1 Year on Handset and 6 Months on Accessories,4.3
67,"REDMI 13c 5G (Starlight Black, 128 GB)","₹10,920",4 GB RAM | 128 GB ROM17.12 cm (6.74 inch) Display50MP Rear Camera5000 mAh Battery1 Year,4.3
68,"REDMI 13c 5G (Startrail Silver, 128 GB)","₹10,907",4 GB RAM | 128 GB ROM17.12 cm (6.74 inch) Display50MP Rear Camera5000 mAh Battery1 Year,4.3
69,"SAMSUNG Galaxy F34 5G (Orchid Violet, 128 GB)","₹15,999",6 GB RAM | 128 GB ROM | Expandable Upto 1 TB16.51 cm (6.5 inch) Full HD+ Display50MP (OIS) + 8MP + 2MP | 13MP Front Camera6000 mAh BatteryExynos 1280 Processor1 Year Manufacturer Warranty for Device and 6 Months Manufacturer Warranty for In-Box Accessories,4.2
70,"realme Narzo N53 (Feather Gold, 64 GB)","₹10,999",4 GB RAM | 64 GB ROM17.12 cm (6.74 inch) Display50MP Rear Camera5000 mAh BatteryDomestic 1 Year on Handset and 6 Months on Accessories,4.2
71,"REDMI 13c 5G (Startrail Green, 128 GB)","₹10,962",4 GB RAM | 128 GB ROM17.12 cm (6.74 inch) Display50MP Rear Camera5000 mAh Battery1 Year,4.3
72,"REDMI Note 12 (Sunrise Gold, 64 GB)","₹10,999",6 GB RAM | 64 GB ROM | Expandable Upto 1 TB16.94 cm (6.67 inch) Full HD+ Super AMOLED Display50MP + 8MP + 2MP | 13MP Front Camera5000 mAh BatterySnapdragon 685 Processor1 Year Manufacturer Warranty for Phone and 6 Months Warranty for In the Box Accessories,4.1
73,"SAMSUNG Galaxy M34 5G without charger (Midnight Blue, 128 GB)","₹15,694",6 GB RAM | 128 GB ROM16.51 cm (6.5 inch) Display50MP Rear Camera6000 mAh BatteryDomestic 1 Year of Device & 6 Months for In-Box Accessories,4.2
74,"realme Narzo N55 (Prime Black, 128 GB)","₹10,089",6 GB RAM | 128 GB ROM17.07 cm (6.72 inch) Display64MP Rear Camera5000 mAh Battery1 Year Domestic Warranty for Phone and 6 Months Warranty for In-Box Accessories,4.3
75,"SAMSUNG Galaxy M04 (Dark Blue, 64 GB)","₹11,499",4 GB RAM | 64 GB ROM | Expandable Upto 1 TB16.51 cm (6.5 inch) HD+ Display13MP + 13MP | 5MP + 5MP Dual Front Camera5000 mAh BatteryMediaTek Helio P35 octa core Processor1 year manufacturer warranty for device and 6 months manufacturer warranty for in-box accessories including batteries from the date of purchase,4.1
76,"SAMSUNG Galaxy M14 5G (Berry Blue, 128 GB)","₹11,094",4 GB RAM | 128 GB ROM | Expandable Upto 256 GB16.76 cm (6.6 inch) Full HD Display50MP + 50MP | 13MP + 13MP Dual Front Camera6000 mAh BatterySamsung Exynos 1330 Processor1 year for handset and 6 month for accessories,4.2
77,"realme Narzo 60x 5G (Stellar Green, 128 GB)","₹11,738",4 GB RAM | 128 GB ROM17.07 cm (6.72 inch) Display50MP Rear Camera5000 mAh Battery1 Year Brand Warranty,4.3
78,realme Narzo 60x 5G,"₹11,965",4 GB RAM | 128 GB ROM17.07 cm (6.72 inch) Display50MP Rear Camera5000 mAh Battery1 Year Brand Warranty,4.3
79,"SAMSUNG Galaxy F34 5G (Orchid Violet, 128 GB)","₹15,999",6 GB RAM | 128 GB ROM | Expandable Upto 1 TB16.51 cm (6.5 inch) Full HD+ Display50MP (OIS) + 8MP + 2MP | 13MP Front Camera6000 mAh BatteryExynos 1280 Processor1 Year Manufacturer Warranty for Device and 6 Months Manufacturer Warranty for In-Box Accessories,4.2
80,"realme Narzo N55 (Prime Blue, 128 GB)","₹10,040",6 GB RAM | 128 GB ROM17.07 cm (6.72 inch) Display64MP Rear Camera5000 mAh Battery1 Year Domestic Warranty for Phone and 6 Months Warranty for In-Box Accessories,4.3
81,"REDMI Note 12 (Lunar Black, 64 GB)","₹10,999",6 GB RAM | 64 GB ROM | Expandable Upto 1 TB16.94 cm (6.67 inch) Full HD+ Super AMOLED Display50MP + 8MP + 2MP | 13MP Front Camera5000 mAh BatterySnapdragon 685 Processor1 Year Manufacturer Warranty for Phone and 6 Months Warranty for In the Box Accessories,4.1
82,"REDMI Note 13 5G (Prism Gold, 128 GB)","₹17,735",6 GB RAM | 128 GB ROM16.94 cm (6.67 inch) Display108MP Rear Camera5000 mAh Battery1 Year Brand Warranty,4.2
83,"realme Narzo N55 (Prime Blue, 64 GB)","₹10,655",4 GB RAM | 64 GB ROM17.07 cm (6.72 inch) Display64MP Rear Camera5000 mAh Battery1 Year Domestic Warranty for Phone and 6 Months Warranty for In-Box Accessories,4.3
84,"realme Narzo 60X 5G (Stellar Green, 128 GB)","₹12,839",6 GB RAM | 128 GB ROM17.07 cm (6.72 inch) Display50MP Rear Camera5000 mAh BatteryDomestic Warranty 1 Year For Handset and 6 Months For Accessories.,4.3
85,"SAMSUNG Galaxy A15 5G (Light Blue, 128 GB)","₹19,499",8 GB RAM | 128 GB ROM | Expandable Upto 1 TB16.51 cm (6.5 inch) Full HD+ Display50MP + 5MP + 2MP | 13MP Front Camera5000 mAh BatteryDimensity 6100+ Processor1 Year Manufacturer Warranty for Device and 6 Months for In-Box Accessories,4.2
86,"SAMSUNG Galaxy F34 5G (Electric Black, 128 GB)","₹15,999",6 GB RAM | 128 GB ROM | Expandable Upto 1 TB16.51 cm (6.5 inch) Full HD+ Display50MP (OIS) + 8MP + 2MP | 13MP Front Camera6000 mAh BatteryExynos 1280 Processor1 Year Manufacturer Warranty for Device and 6 Months Manufacturer Warranty for In-Box Accessories,4.2
87,"REDMI 13C (Stardust Black, 256 GB)","₹11,499",8 GB RAM | 256 GB ROM17.12 cm (6.74 inch) Display50MP Rear Camera5000 mAh Battery1 Year,4
88,"IQOO Z7S 5G (Norway Blue, 128 GB)","₹17,190","8 GB RAM | 128 GB ROM16.26 cm (6.4 inch) Display64MP Rear Camera4500 mAh Battery1 Year for  handset ,6 months for accessories",4.3
89,"REDMI Note 13 5G (Arctic White, 256 GB)","₹19,122",8 GB RAM | 256 GB ROM16.94 cm (6.67 inch) Display108MP Rear Camera5000 mAh Battery1 Year Brand Warranty,4.1
90,"REDMI Note 12 5G (Sunrise Gold, 128 GB)","₹16,999",6 GB RAM | 128 GB ROM | Expandable Upto 1 TB16.94 cm (6.67 inch) Full HD+ AMOLED Display48MP + 8MP + 2MP | 13MP Front Camera5000 mAh BatteryQualcomm Snapdragon 4 Gen 1 Processor1 Year Manufacturer Warranty for Phone and 6 Months Warranty for In the Box Accessories,4.2
91,"OPPO A17 (Lake Blue, 64 GB)","₹10,990",4 GB RAM | 64 GB ROM | Expandable Upto 2 TB16.66 cm (6.56 inch) HD+ Display50MP + 0.3MP + 0.3MP | 5MP Front Camera5000 mAh Lithium-ion Polymer BatteryMediatek Helio G35 Processor1 Year on Handset and 6 Months on Accessories,4.3
92,"SAMSUNG Galaxy A15 5G (Blue Black, 128 GB)","₹19,499",8 GB RAM | 128 GB ROM | Expandable Upto 1 TB16.51 cm (6.5 inch) Full HD+ Display50MP + 5MP + 2MP | 13MP Front Camera5000 mAh BatteryDimensity 6100+ Processor1 Year Manufacturer Warranty for Device and 6 Months for In-Box Accessories,4.2
93,"REDMI Note 13 5G (Arctic White, 128 GB)","₹17,785",6 GB RAM | 128 GB ROM16.94 cm (6.67 inch) Display108MP Rear Camera5000 mAh Battery1 Year Brand Warranty,4.2
94,"SAMSUNG Galaxy M04 (Light Green, 64 GB)","₹11,499",4 GB RAM | 64 GB ROM16.51 cm (6.5 inch) HD+ Display13MP + 2MP | 5MP Front Camera5000 mAh BatteryMediaTek Helio P35 Processor1 year manufacturer warranty for device and 6 months manufacturer warranty for in-box accessories including batteries from the date of purchase,4.1
95,"REDMI Note 13 5G (Prism Gold, 256 GB)","₹19,199",8 GB RAM | 256 GB ROM16.94 cm (6.67 inch) Full HD+ Display108MP Rear Camera5000 mAh Battery1 Year Brand Warranty,4.1
96,"REDMI Note 13 5G (Prism Gold, 256 GB)","₹19,199",8 GB RAM | 256 GB ROM16.94 cm (6.67 inch) Full HD+ Display108MP Rear Camera5000 mAh Battery1 Year Brand Warranty,4.1
97,"REDMI Note 13 5G (Arctic White, 128 GB)","₹17,785",6 GB RAM | 128 GB ROM16.94 cm (6.67 inch) Display108MP Rear Camera5000 mAh Battery1 Year Brand Warranty,4.2
98,"SAMSUNG Galaxy F34 5G (Mystic Green, 128 GB)","₹17,999",8 GB RAM | 128 GB ROM | Expandable Upto 1 TB16.51 cm (6.5 inch) Full HD+ Display50MP (OIS) + 8MP + 2MP | 13MP Front Camera6000 mAh BatteryExynos 1280 Processor1 Year Manufacturer Warranty for Device and 6 Months Manufacturer Warranty for In-Box Accessories,4.2
99,"SAMSUNG Galaxy M34 5G without charger (Prism Silver, 128 GB)","₹15,669",6 GB RAM | 128 GB ROM16.51 cm (6.5 inch) Display50MP Rear Camera6000 mAh BatteryDomestic 1 Year of Device & 6 Months for In-Box Accessories,4.2
100,"IQOO Z6 Lite 5G (With Charger) (Stellar Green, 128 GB)","₹13,109",6 GB RAM | 128 GB ROM16.97 cm (6.68 inch) Display50MP Rear Camera5000 mAh Battery1 Year,4.3
101,"IQOO Z7S 5G (Norway Blue, 128 GB)","₹17,190","8 GB RAM | 128 GB ROM16.26 cm (6.4 inch) Display64MP Rear Camera4500 mAh Battery1 Year for  handset ,6 months for accessories",4.3
102,"REDMI 13C (Stardust Black, 256 GB)","₹11,499",8 GB RAM | 256 GB ROM17.12 cm (6.74 inch) Display50MP Rear Camera5000 mAh Battery1 Year,4
103,"IQOO Z6 Lite 5G (With Charger) (Stellar Green, 128 GB)","₹13,107",6 GB RAM | 128 GB ROM16.97 cm (6.68 inch) Display50MP Rear Camera5000 mAh Battery1 Year,4.3
104,"OPPO A59 5G (Starry Black, 128 GB)","₹15,499",6 GB RAM | 128 GB ROM | Expandable Upto 1 TB16.66 cm (6.56 inch) HD+ Display13MP + 2MP | 8MP Front Camera5000 mAh BatteryDimensity 6020 Processor1 Year Manufacturer Warranty for Phone and 6 Months Warranty for In the Box Accessories,4.4
105,"OPPO F23 5G (Bold Gold, 256 GB)","₹19,755",8 GB RAM | 256 GB ROM | Expandable Upto 1 TB17.07 cm (6.72 inch) Full HD+ Display64MP + 2MP + 2MP | 32MP Front Camera5000 mAh BatterySnapdragon 695 Processor12 Months on Handset and 6 Months on Adapter & Cable,4.2
106,"OPPO A59 5G (Starry Black, 128 GB)","₹13,999",4 GB RAM | 128 GB ROM | Expandable Upto 1 TB16.66 cm (6.56 inch) HD+ Display13MP + 2MP | 8MP Front Camera5000 mAh BatteryDimensity 6020 Processor1 Year Manufacturer Warranty for Phone and 6 Months Warranty for In the Box Accessories,4.3
107,"Tecno POVA 5 Pro 5G (Dark Illusion, 256 GB)","₹16,049",8 GB RAM | 256 GB ROM | Expandable Upto 1 TB17.22 cm (6.78 inch) Full HD+ Display50MP + 0.08MP | 16MP Front Camera5000 mAh BatteryMediaTek Dimensity 6080 MT6833 ProcessorDomestic Warranty of 12 Months on Phone & 6 Months on Accessories,4.4
108,"Infinix Hot 20 5G (Space Blue, 128 GB)","₹12,999",6 GB RAM | 128 GB ROM | Expandable Upto 1 TB16.76 cm (6.6 inch) Full HD+ Display50MP + AI Lens | 8MP Front Camera5000 mAh Li-ion Polymer BatteryDimensity 810 Processor1 Year on Handset and 6 Months on Accessories,4.1
109,"POCO M4 Pro (Cool Blue, 128 GB)","₹10,999","8 GB RAM | 128 GB ROM | Expandable Upto 1 TB16.33 cm (6.43 inch) Full HD+ AMOLED Display64MP + 8MP + 2MP | 16MP Front Camera5000 mAh Lithium-ion Polymer BatteryMediatek Helio G96 ProcessorOne Year for Handset, 6 Months for Accessories",4.2
110,"REDMI 13C (Starshine Green, 256 GB)","₹11,499",8 GB RAM | 256 GB ROM17.12 cm (6.74 inch) Display50MP Rear Camera5000 mAh Battery1 Year,4
111,"realme C55 (Sunshower, 128 GB)","₹13,999",8 GB RAM | 128 GB ROM | Expandable Upto 1 TB17.07 cm (6.72 inch) Full HD+ Display64MP + 2MP | 8MP Front Camera5000 mAh BatteryHelio G88 Processor1 Year Manufacturer Warranty for Phone and 6 Months Warranty for In the Box Accessories,4.4
112,"OPPO A18 (Glowing Black, 64 GB)","₹10,499",4 GB RAM | 64 GB ROM16.66 cm (6.56 inch) HD+ Display8MP + 2MP | 5MP Front Camera5000 mAh BatteryHelio G85 Processor1 Year Manufacturer Warranty for Phone and 6 Months Warranty for In the Box Accessories,4.3
113,"Infinix Hot 20 5G (Blaster Green, 128 GB)","₹12,999",6 GB RAM | 128 GB ROM | Expandable Upto 1 TB16.76 cm (6.6 inch) Full HD+ Display50MP + AI Lens | 8MP Front Camera5000 mAh Li-ion Polymer BatteryDimensity 810 Processor1 Year on Handset and 6 Months on Accessories,4.1
114,"SAMSUNG Galaxy F34 5G (Orchid Violet, 128 GB)","₹17,999",8 GB RAM | 128 GB ROM | Expandable Upto 1 TB16.51 cm (6.5 inch) Full HD+ Display50MP (OIS) + 8MP + 2MP | 13MP Front Camera6000 mAh BatteryExynos 1280 Processor1 Year Manufacturer Warranty for Device and 6 Months Manufacturer Warranty for In-Box Accessories,4.2
115,"realme C55 (Rainforest, 128 GB)","₹13,999",8 GB RAM | 128 GB ROM | Expandable Upto 1 TB17.07 cm (6.72 inch) Full HD+ Display64MP + 2MP | 8MP Front Camera5000 mAh BatteryHelio G88 Processor1 Year Manufacturer Warranty for Phone and 6 Months Warranty for In the Box Accessories,4.4
116,"REDMI Note 12 (Ice Blue, 64 GB)","₹10,999",6 GB RAM | 64 GB ROM | Expandable Upto 1 TB16.94 cm (6.67 inch) Full HD+ Super AMOLED Display50MP + 8MP + 2MP | 13MP Front Camera5000 mAh BatterySnapdragon 685 Processor1 Year Manufacturer Warranty for Phone and 6 Months Warranty for In the Box Accessories,4.1
117,"SAMSUNG Galaxy A14 5G (Dark Red, 64 GB)","₹14,498",4 GB RAM | 64 GB ROM | Expandable Upto 1 TB16.76 cm (6.6 inch) HD+ Display50MP + 2MP | 13MP Front Camera5000 mAh Lithium Ion BatterySEC S5E8535 (Exynos 1330) Processor1 Year Manufacturer Warranty for Device and 6 Months Manufacturer Warranty for In-Box Accessories,4.1
118,"Tecno Pova 5 Pro 5G (Silver Fantasy, 128 GB)","₹15,180",8 GB RAM | 128 GB ROM | Expandable Upto 2 TB17.22 cm (6.78 inch) Full HD+ Display50MP + 0.08MP | 16MP Front Camera5000 mAh BatteryMediaTek Dimensity 6080 MT6833 ProcessorDomestic Warranty of 12 Months on Phone & 6 Months on Accessories,4.4
119,"SAMSUNG Galaxy M34 5G without charger (Midnight Blue, 128 GB)","₹15,694",6 GB RAM | 128 GB ROM16.51 cm (6.5 inch) Display50MP Rear Camera6000 mAh BatteryDomestic 1 Year of Device & 6 Months for In-Box Accessories,4.2
120,"realme C55 (Rainy Night, 64 GB)","₹11,999",6 GB RAM | 64 GB ROM | Expandable Upto 1 TB17.07 cm (6.72 inch) Full HD+ Display64MP + 2MP | 8MP Front Camera5000 mAh BatteryHelio G88 Processor1 Year Manufacturer Warranty for Phone and 6 Months Warranty for In the Box Accessories,4.3
121,"POCO M4 5G (Yellow, 128 GB)","₹14,999",6 GB RAM | 128 GB ROM | Expandable Upto 512 GB16.71 cm (6.58 inch) Full HD+ Display50MP + 2MP | 8MP Front Camera5000 mAh Lithium Ion Polymer BatteryMediatek Dimensity 700 Processor1 Year Warranty for Handset and 6 Months for Accessories,4.2
122,"SAMSUNG Galaxy A23 (Peach, 128 GB)","₹19,990",8 GB RAM | 128 GB ROM | Expandable Upto 1 TB16.76 cm (6.6 inch) Full HD+ Display50MP Rear Camera | 8MP Front Camera5000 mAh Li-Ion BatteryOcta-core(EXYNOS) Processor1 year manufacturer warranty for device and 6 months manufacturer warranty for in-box,4.3
123,"REDMI Note 12 (Lunar Black, 128 GB)","₹13,999",6 GB RAM | 128 GB ROM | Expandable Upto 1 TB16.94 cm (6.67 inch) Full HD+ Super AMOLED Display50MP + 8MP + 2MP | 13MP Front Camera5000 mAh BatterySnapdragon 685 Processor1 Year Manufacturer Warranty for Phone and 6 Months Warranty for In the Box Accessories,4.1
124,"OPPO A59 5G (Silk Gold, 128 GB)","₹15,499",6 GB RAM | 128 GB ROM | Expandable Upto 1 TB16.66 cm (6.56 inch) HD+ Display13MP + 2MP | 8MP Front Camera5000 mAh BatteryDimensity 6020 Processor1 Year Manufacturer Warranty for Phone and 6 Months Warranty for In the Box Accessories,4.4
125,"realme C55 (Rainforest, 64 GB)","₹11,999",6 GB RAM | 64 GB ROM | Expandable Upto 1 TB17.07 cm (6.72 inch) Full HD+ Display64MP + 2MP | 8MP Front Camera5000 mAh BatteryHelio G88 Processor1 Year Manufacturer Warranty for Phone and 6 Months Warranty for In the Box Accessories,4.3
126,"realme C55 (Rainy Night, 128 GB)","₹13,999",8 GB RAM | 128 GB ROM | Expandable Upto 1 TB17.07 cm (6.72 inch) Full HD+ Display64MP + 2MP | 8MP Front Camera5000 mAh BatteryHelio G88 Processor1 Year Manufacturer Warranty for Phone and 6 Months Warranty for In the Box Accessories,4.4
127,"realme C55 (Sunshower, 64 GB)","₹13,999",6 GB RAM | 64 GB ROM | Expandable Upto 1 TB17.07 cm (6.72 inch) Full HD+ Display64MP + 2MP | 8MP Front Camera5000 mAh BatteryHelio G88 Processor1 Year Manufacturer Warranty for Phone and 6 Months Warranty for In the Box Accessories,4.3
128,"vivo Y56 5G (Orange Shimmer, 128 GB)","₹17,999",8 GB RAM | 128 GB ROM16.71 cm (6.58 inch) Full HD+ Display50MP + 2MP | 16MP Front Camera5000 mAh BatteryMediatek Dimensity 700 Processor1 Year Manufacturer Warranty for Handset and 6 Months Manufacturer Warranty for In-Box Accessories,4.3
129,"vivo Y27 (Burgundy Black, 128 GB)","₹11,990",6 GB RAM | 128 GB ROM16.87 cm (6.64 inch) Full HD+ Display50MP + 2MP | 8MP Front Camera5000 mAh BatteryHelio G85 Processor1 Year Manufacturer Warranty for Phone and 6 Months Warranty for In the Box Accessories,4.2
130,"REDMI Note 12 5G (Frosted Green, 256 GB)","₹18,999",8 GB RAM | 256 GB ROM | Expandable Upto 1 TB16.94 cm (6.67 inch) Full HD+ AMOLED Display48MP + 8MP + 2MP | 13MP Front Camera5000 mAh BatteryQualcomm Snapdragon 4 Gen 1 Processor1 Year Manufacturer Warranty for Phone and 6 Months Warranty for In the Box Accessories,4.1
131,"REDMI 12 5G (Jade Black, 128 GB)","₹13,900",4 GB RAM | 128 GB ROM17.25 cm (6.79 inch) Full HD Display50MP Rear Camera5000 mAh Battery1 Year Domestic Warranty for Phone and 6 Months Warranty for In-Box Accessories,4.3
132,"SAMSUNG Galaxy M14 5G (Berry Blue, 128 GB)","₹12,275",6 GB RAM | 128 GB ROM16.76 cm (6.6 inch) Display50MP Rear Camera6000 mAh Battery1 year for handset and 6 month for accessories,4.2
133,"POCO M4 5G (Power Black, 128 GB)","₹14,999",6 GB RAM | 128 GB ROM | Expandable Upto 512 GB16.71 cm (6.58 inch) Full HD+ Display50MP + 2MP | 8MP Front Camera5000 mAh Lithium Ion Polymer BatteryMediatek Dimensity 700 Processor1 Year Warranty for Handset and 6 Months for Accessories,4.2
134,"SAMSUNG Galaxy A14 5G (Black, 128 GB)","₹16,999",6 GB RAM | 128 GB ROM | Expandable Upto 1 TB16.76 cm (6.6 inch) HD+ Display50MP + 2MP | 13MP Front Camera5000 mAh Lithium Ion BatterySEC S5E8535 (Exynos 1330) Processor1 Year Manufacturer Warranty for Device and 6 Months Manufacturer Warranty for In-Box Accessories,4.1
135,"POCO M2 Pro (Two Shades of Black, 128 GB)","₹19,999","6 GB RAM | 128 GB ROM | Expandable Upto 512 GB16.94 cm (6.67 inch) Full HD+ Display48MP + 8MP + 5MP + 2MP | 16MP Front Camera5000 mAh Lithium-ion Polymer BatteryQualcomm Snapdragon 720G Processor1 Year for Handset, 6 Months for Accessories",4.4
136,"Tecno Spark 10 Pro 50MP Dual Rear Camera (Lunar Eclipse, 128 GB)","₹10,889",8 GB RAM | 128 GB ROM | Expandable Upto 1 TB17.22 cm (6.78 inch) Full HD+ Display50MP Rear Camera | 32MP Front Camera5000 mAh BatteryMediatek MT6769H Helio G88 Processor1 Year Manufacturer Warranty for Device and 6 Months Manufacturer Warranty for In-Box Accessories,4.1
137,"SAMSUNG Galaxy M14 5G (ICY Silver, 128 GB)","₹11,242",4 GB RAM | 128 GB ROM16.76 cm (6.6 inch) Display50MP Rear Camera6000 mAh Battery1 year for handset and 6 month for accessories,4.2
138,"LAVA Blaze 2 5G (Glass Lavender, 64 GB)","₹10,265",4 GB RAM | 64 GB ROM16.66 cm (6.56 inch) Full HD+ Display50MP Rear Camera5000 mAh Battery1 Year Handset Warranty and 6 Months Warranty on Accessories,4.1
139,"LAVA Blaze 2 5G (Glass Black, 64 GB)","₹10,267",4 GB RAM | 64 GB ROM16.66 cm (6.56 inch) Full HD+ Display50MP Rear Camera5000 mAh Battery1 Year Handset Warranty and 6 Months Warranty on Accessories,4.1
140,"POCO X5 5G (Supernova Green, 128 GB)","₹18,999",6 GB RAM | 128 GB ROM | Expandable Upto 1 TB16.94 cm (6.67 inch) Full HD+ Display48MP + 8MP + 2MP | 13MP Front Camera5000 mAh BatteryQualcomm Snapdragon 695 Processor1 Year Manufacturer Warranty for Phone and 6 Months Warranty for In the Box Accessories,4.2
141,"Tecno Pova 5 Pro 5G (Dark Illusion, 128 GB)","₹14,999",8 GB RAM | 128 GB ROM | Expandable Upto 1 TB17.22 cm (6.78 inch) Full HD+ Display50MP + 0.08MP | 16MP Front Camera5000 mAh BatteryMediaTek Dimensity 6080 MT6833 ProcessorDomestic Warranty of 12 Months on Phone & 6 Months on Accessories,4.4
142,"OPPO A58 (Glowing Black, 128 GB)","₹12,999",6 GB RAM | 128 GB ROM | Expandable Upto 1 TB17.07 cm (6.72 inch) Full HD+ Display50MP + 2MP | 8MP Front Camera5000 mAh BatteryHelio G85 Processor1 Year Manufacturer Warranty for Phone and 6 Months Warranty for In the Box Accessories,4.3
143,"vivo Y16 (Steller Black, 64 GB)","₹10,390",4 GB RAM | 64 GB ROM | Expandable Upto 1 TB16.54 cm (6.51 inch) HD+ Display13MP + 2MP | 5MP Front Camera5000 mAh Lithium BatteryMediatek Helio P35 Processor1 Year of Device & 6 Months for In-Box Accessories,4.3
144,"vivo Y16 (Steller Black, 128 GB)","₹10,999",4 GB RAM | 128 GB ROM | Expandable Upto 1 TB16.54 cm (6.51 inch) HD+ Display13MP + 2MP | 5MP Front Camera5000 mAh Lithium BatteryMediatek Helio P35 Processor1 Year of Device & 6 Months for In-Box Accessories,4.3
145,"REDMI Note 12 (Ice Blue, 64 GB)","₹10,999",6 GB RAM | 64 GB ROM | Expandable Upto 1 TB16.94 cm (6.67 inch) Full HD+ Super AMOLED Display50MP + 8MP + 2MP | 13MP Front Camera5000 mAh BatterySnapdragon 685 Processor1 Year Manufacturer Warranty for Phone and 6 Months Warranty for In the Box Accessories,4.1
146,"OPPO A18 (Glowing Black, 64 GB)","₹10,499",4 GB RAM | 64 GB ROM16.66 cm (6.56 inch) HD+ Display8MP + 2MP | 5MP Front Camera5000 mAh BatteryHelio G85 Processor1 Year Manufacturer Warranty for Phone and 6 Months Warranty for In the Box Accessories,4.3
147,"realme C55 (Rainy Night, 64 GB)","₹11,999",6 GB RAM | 64 GB ROM | Expandable Upto 1 TB17.07 cm (6.72 inch) Full HD+ Display64MP + 2MP | 8MP Front Camera5000 mAh BatteryHelio G88 Processor1 Year Manufacturer Warranty for Phone and 6 Months Warranty for In the Box Accessories,4.3
148,"realme C55 (Rainy Night, 128 GB)","₹13,999",8 GB RAM | 128 GB ROM | Expandable Upto 1 TB17.07 cm (6.72 inch) Full HD+ Display64MP + 2MP | 8MP Front Camera5000 mAh BatteryHelio G88 Processor1 Year Manufacturer Warranty for Phone and 6 Months Warranty for In the Box Accessories,4.4
149,"REDMI Note 12 (Lunar Black, 128 GB)","₹13,999",6 GB RAM | 128 GB ROM | Expandable Upto 1 TB16.94 cm (6.67 inch) Full HD+ Super AMOLED Display50MP + 8MP + 2MP | 13MP Front Camera5000 mAh BatterySnapdragon 685 Processor1 Year Manufacturer Warranty for Phone and 6 Months Warranty for In the Box Accessories,4.1
150,"vivo Y16 (Drizzling Gold, 128 GB)","₹10,999",4 GB RAM | 128 GB ROM | Expandable Upto 1 TB16.54 cm (6.51 inch) HD+ Display13MP + 2MP | 5MP Front Camera5000 mAh Lithium BatteryMediatek Helio P35 Processor1 Year of Device & 6 Months for In-Box Accessories,4.3
151,"vivo Y16 (Steller Black, 64 GB)","₹10,999",3 GB RAM | 64 GB ROM | Expandable Upto 1 TB16.54 cm (6.51 inch) HD+ Display13MP + 2MP | 5MP Front Camera5000 mAh Lithium BatteryMediatek Helio P35 Processor1 Year of Device & 6 Months for In-Box Accessories,4.2
152,"OPPO A38 (Glowing Gold, 128 GB)","₹10,999",4 GB RAM | 128 GB ROM | Expandable Upto 1 TB16.66 cm (6.56 inch) HD Display50MP + 2MP | 5MP Front Camera5000 mAh BatteryHelio G70 (MT6769) Processor1 Year Manufacturer Warranty for Phone and 6 Months Warranty for In the Box Accessories,4.3
153,"OPPO A38 (Glowing Black, 128 GB)","₹10,999",4 GB RAM | 128 GB ROM | Expandable Upto 1 TB16.66 cm (6.56 inch) HD Display50MP + 2MP | 5MP Front Camera5000 mAh BatteryHelio G70 (MT6769) Processor1 Year Manufacturer Warranty for Phone and 6 Months Warranty for In the Box Accessories,4.3
154,"realme C55 (Sunshower, 64 GB)","₹13,999",6 GB RAM | 64 GB ROM | Expandable Upto 1 TB17.07 cm (6.72 inch) Full HD+ Display64MP + 2MP | 8MP Front Camera5000 mAh BatteryHelio G88 Processor1 Year Manufacturer Warranty for Phone and 6 Months Warranty for In the Box Accessories,4.3
155,"SAMSUNG Galaxy A14 5G (Dark Red, 64 GB)","₹14,498",4 GB RAM | 64 GB ROM | Expandable Upto 1 TB16.76 cm (6.6 inch) HD+ Display50MP + 2MP | 13MP Front Camera5000 mAh Lithium Ion BatterySEC S5E8535 (Exynos 1330) Processor1 Year Manufacturer Warranty for Device and 6 Months Manufacturer Warranty for In-Box Accessories,4.1
156,"IQOO Z6 Lite 5G (With Charger) (Mystic Night, 128 GB)","₹13,073",6 GB RAM | 128 GB ROM16.97 cm (6.68 inch) Display50MP Rear Camera5000 mAh Battery1 Year,4.3
157,"IQOO Z7s 5G (Norway Blue, 128 GB)","₹16,136",6 GB RAM | 128 GB ROM16.21 cm (6.38 inch) Display64MP Rear Camera4500 mAh BatteryDomestic 1 Year on Handset and 6 Months on Accessories,4.3
158,"vivo Y17s (Glitter Purple, 128 GB)","₹11,499",4 GB RAM | 128 GB ROM | Expandable Upto 1 TB16.66 cm (6.56 inch) HD+ Display50MP + 2MP | 8MP Front Camera5000 mAh BatteryHelio G85 Processor1 Year Manufacturer Warranty for Phone and 6 Months Warranty for In the Box Accessories,4.3
159,"OPPO A78 5G (Glowing Black, 128 GB)","₹17,999",8 GB RAM | 128 GB ROM16.66 cm (6.56 inch) HD+ Display50MP + 2MP | 8MP Front Camera5000 mAh Battery6833 Processor1 Year Manufacturer Warranty for Phone and 6 Months Warranty for In the Box Accessories,4.3
160,"vivo Y17s (Forest Green, 128 GB)","₹11,499",4 GB RAM | 128 GB ROM | Expandable Upto 1 TB16.66 cm (6.56 inch) HD+ Display50MP + 2MP | 8MP Front Camera5000 mAh BatteryHelio G85 Processor1 Year Manufacturer Warranty for Phone and 6 Months Warranty for In the Box Accessories,4.3
161,"vivo Y17s (Glitter Purple, 64 GB)","₹10,499",4 GB RAM | 64 GB ROM | Expandable Upto 1 TB16.66 cm (6.56 inch) HD+ Display50MP + 2MP | 8MP Front Camera5000 mAh BatteryHelio G85 Processor1 Year Manufacturer Warranty for Phone and 6 Months Warranty for In the Box Accessories,4.3
162,"vivo Y17s (Forest Green, 64 GB)","₹10,499",4 GB RAM | 64 GB ROM | Expandable Upto 1 TB16.66 cm (6.56 inch) HD+ Display50MP + 2MP | 8MP Front Camera5000 mAh BatteryHelio G85 Processor1 Year Manufacturer Warranty for Phone and 6 Months Warranty for In the Box Accessories,4.3
163,"OnePlus Nord CE 3 Lite 5G (Chromatic Gray, 128 GB)","₹18,330",8 GB RAM | 128 GB ROM17.07 cm (6.72 inch) Display108MP Rear Camera5000 mAh BatteryDomestic Warranty of 12 months on phone & 6 months on accessories,4.4
164,"realme Narzo N53 (Feather Gold, 128 GB)","₹10,198",6 GB RAM | 128 GB ROM17.12 cm (6.74 inch) Display50MP Rear Camera5000 mAh BatteryDomestic 1 Year on Handset and 6 Months on Accessories,4.2
165,"vivo Y27 (Burgundy Black, 128 GB)","₹11,999",6 GB RAM | 128 GB ROM16.87 cm (6.64 inch) Full HD+ Display50MP + 2MP | 8MP Front Camera5000 mAh BatteryHelio G85 Processor1 Year Manufacturer Warranty for Phone and 6 Months Warranty for In the Box Accessories,4.2
166,"OPPO A18 (Glowing Black, 128 GB)","₹10,499",4 GB RAM | 128 GB ROM16.66 cm (6.56 inch) HD+ Display8MP + 2MP | 5MP Front Camera5000 mAh BatteryHelio G85 Processor1 Year Manufacturer Warranty for Phone and 6 Months Warranty for In the Box Accessories,4.3
167,"POCO M2 Pro (Two Shades of Black, 128 GB)","₹19,999","6 GB RAM | 128 GB ROM | Expandable Upto 512 GB16.94 cm (6.67 inch) Full HD+ Display48MP + 8MP + 5MP + 2MP | 16MP Front Camera5000 mAh Lithium-ion Polymer BatteryQualcomm Snapdragon 720G Processor1 Year for Handset, 6 Months for Accessories",4.4
168,"Tecno Spark Go 2023 (Nebula Purple, 64 GB)","₹10,990",4 GB RAM | 64 GB ROM | Expandable Upto 256 GB16.66 cm (6.56 inch) HD+ Display13MP Rear Camera | 5MP Front Camera5000 mAh BatteryMediaTek Helio A22 ProcessorDomestic Warranty of 12 Months on Phone & 6 Months on Accessories,4.1
169,"REDMI 11 Prime (Playful Green, 64 GB)","₹10,999",4 GB RAM | 64 GB ROM | Expandable Upto 512 GB16.71 cm (6.58 inch) Full HD+ Display50MP + 2MP + 2MP | 8MP Front Camera5000 mAh BatteryHelio G99 Processor1 Year Manufacturer Warranty for Phone and 6 Months Warranty for In the Box Accessories,4.2
170,"REDMI Note 10S (Shadow Black, 128 GB)","₹15,990",8 GB RAM | 128 GB ROM | Expandable Upto 512 GB16.33 cm (6.43 inch) Full HD+ Super AMOLED Display64MP + 8MP + 2MP + 2MP | 13MP Front Camera5000 mAh Lithium-Ploymer BatteryMediatek Helio G95 Processor1 Year Manufacturer Warranty for Phone and 6 Months Warranty for In the Box Accessories,4.2
171,"OPPO A78 (Mist Black, 128 GB)","₹15,499",8 GB RAM | 128 GB ROM16.33 cm (6.43 inch) Full HD+ AMOLED Display50MP + 2MP | 8MP Front Camera5000 mAh BatterySnapdragon 680 Processor1 Year Manufacturer Warranty for Phone and 6 Months Warranty for In the Box Accessories,4.3
172,"OnePlus N20 SE (JADE WAVE, 128 GB)","₹14,819",4 GB RAM | 128 GB ROM16.66 cm (6.56 inch) Display50MP Rear Camera5000 mAh Battery12 Month,4.2
173,"vivo Y16 (Steller Black, 64 GB)","₹10,399",4 GB RAM | 64 GB ROM16.54 cm (6.51 inch) Display13MP Rear Camera5000 mAh Battery1 Year of Device & 6 Months for In-Box Accessories,4.3
174,"SAMSUNG Galaxy A13 (Black, 128 GB)","₹14,999",4 GB RAM | 128 GB ROM | Expandable Upto 1 TB16.76 cm (6.6 inch) Full HD+ Display50MP + 5MP + 2MP + 2MP | 8MP Front Camera5000 mAh Lithium Ion BatteryExynos Octa Core Processor1 Year Manufacturer Warranty for Device and 6 months Manufacturer Warranty for In-Box Accessories from Date of Purchase,4.1
175,"OPPO A58 (Glowing Black, 128 GB)","₹12,999",6 GB RAM | 128 GB ROM | Expandable Upto 1 TB17.07 cm (6.72 inch) Full HD+ Display50MP + 2MP | 8MP Front Camera5000 mAh BatteryHelio G85 Processor1 Year Manufacturer Warranty for Phone and 6 Months Warranty for In the Box Accessories,4.3
176,"Tecno Camon 20 4G with FHD + Big AMOLED Display (Art Edition, 256 GB)","₹13,049",8 GB RAM | 256 GB ROM | Expandable Upto 1 TB16.94 cm (6.67 inch) Full HD+ Display64MP + 2MP | 32MP Front Camera5000 mAh BatteryMediatek MT6769Z Helio G85 Processor1 Year Manufacturer Warranty for Device and 6 Months Manufacturer Warranty for In-Box Accessories,4.2
177,"OnePlus N20 SE (BLUE OASIS, 64 GB)","₹13,498",4 GB RAM | 64 GB ROM16.66 cm (6.56 inch) Display50MP Rear Camera5000 mAh BatteryNo Warranty.,4.2
178,"LAVA Blaze 2 5G (Glass Lavender, 128 GB)","₹11,399",6 GB RAM | 128 GB ROM16.66 cm (6.56 inch) Full HD+ Display50MP Rear Camera5000 mAh Battery1 Year Handset Warranty and 6 Months Warranty on Accessories,4.2
179,"LAVA Blaze 2 5G (Glass Blue, 128 GB)","₹11,195",6 GB RAM | 128 GB ROM16.66 cm (6.56 inch) Full HD+ Display50MP Rear Camera5000 mAh Battery1 Year Handset Warranty and 6 Months Warranty on Accessories,4.2
180,"REDMI 10 Power (Sporty Orange, 128 GB)","₹10,889",8 GB RAM | 128 GB ROM17.02 cm (6.7 inch) Display50MP Rear Camera6000 mAh Battery12 Months Warranty,4.2
181,"POCO C3 (Lime Green, 64 GB)","₹10,490",4 GB RAM | 64 GB ROM | Expandable Upto 512 GB16.59 cm (6.53 inch) HD+ Display13MP + 2MP + 2MP | 5MP Front Camera5000 mAh Li-ion Polymer BatteryMediatek Helio G35 Processor1 Year on Handset and 6 Months on Accessories,4.3
182,"OPPO A58 (Dazzling Green, 128 GB)","₹12,999",6 GB RAM | 128 GB ROM | Expandable Upto 1 TB17.07 cm (6.72 inch) Full HD+ Display50MP + 50MP + 8MP | 8MP Front Camera5000 mAh BatteryHelio G85 Processor1 Year Manufacturer Warranty for Phone and 6 Months Warranty for In the Box Accessories,4.3
183,"REDMI 13C (Starfrost White, 256 GB)","₹11,499",8 GB RAM | 256 GB ROM | Expandable Upto 1 TB17.12 cm (6.74 inch) HD+ Display50MP Rear Camera | 8MP Front Camera5000 mAh BatteryHelio G85 Processor1 Year Manufacturer Warranty for Phone and 6 Months Warranty for In the Box Accessories,4
184,"LAVA Blaze 2 5G (Glass Lavender, 64 GB)","₹10,265",4 GB RAM | 64 GB ROM16.66 cm (6.56 inch) Full HD+ Display50MP Rear Camera5000 mAh Battery1 Year Handset Warranty and 6 Months Warranty on Accessories,4.1
185,"LAVA Blaze Pro 5G (Starry Night, 128 GB)","₹13,299",8 GB RAM | 128 GB ROM17.22 cm (6.78 inch) Full HD+ Display50MP Rear Camera5000 mAh Battery1 Year Handset Warranty and 6 Months Warranty on Accessories,4.3
186,"LAVA Blaze 2 5G (Glass Blue, 64 GB)","₹10,235",4 GB RAM | 64 GB ROM16.66 cm (6.56 inch) Full HD+ Display50MP Rear Camera5000 mAh Battery1 Year Handset Warranty and 6 Months Warranty on Accessories,4.1
187,"LAVA Blaze 2 5G (Glass Black, 64 GB)","₹10,267",4 GB RAM | 64 GB ROM16.66 cm (6.56 inch) Full HD+ Display50MP Rear Camera5000 mAh Battery1 Year Handset Warranty and 6 Months Warranty on Accessories,4.1
188,"Infinix Hot 12 Pro (Lightsaber Green, 128 GB)","₹10,999",8 GB RAM | 128 GB ROM | Expandable Upto 256 GB16.76 cm (6.6 inch) HD+ Display50 MP + Depth Lens | 8MP Front Camera5000 mAh Lithium-ion Polymer BatteryUnisoc T616 Processor1 Year on Handset and 6 Months on Accessories,4
189,"Infinix Hot 12 Pro (Racing Black, 128 GB)","₹10,999",8 GB RAM | 128 GB ROM | Expandable Upto 256 GB16.76 cm (6.6 inch) HD+ Display50 MP + Depth Lens | 8MP Front Camera5000 mAh Lithium-ion Polymer BatteryUnisoc T616 Processor1 Year on Handset and 6 Months on Accessories,4
190,"SAMSUNG Galaxy A14 5G (Dark Red, 128 GB)","₹16,999",6 GB RAM | 128 GB ROM | Expandable Upto 1 TB16.76 cm (6.6 inch) HD+ Display50MP + 2MP | 13MP Front Camera5000 mAh Lithium Ion BatterySEC S5E8535 (Exynos 1330) Processor1 Year Manufacturer Warranty for Device and 6 Months Manufacturer Warranty for In-Box Accessories,4.1
191,"realme Narzo N55 (Prime Black, 64 GB)","₹11,490",4 GB RAM | 64 GB ROM17.07 cm (6.72 inch) Display64MP Rear Camera5000 mAh Battery1 Year Domestic Warranty for Phone and 6 Months Warranty for In-Box Accessories,4.3
192,"LAVA Blaze 2 5G (Glass Blue, 128 GB)","₹11,193",6 GB RAM | 128 GB ROM16.66 cm (6.56 inch) Full HD+ Display50MP Rear Camera5000 mAh Battery1 Year Handset Warranty and 6 Months Warranty on Accessories,4.2
193,"Tecno Spark Go 2023 (Nebula Purple, 64 GB)","₹10,990",4 GB RAM | 64 GB ROM | Expandable Upto 256 GB16.66 cm (6.56 inch) HD+ Display13MP Rear Camera | 5MP Front Camera5000 mAh BatteryMediaTek Helio A22 ProcessorDomestic Warranty of 12 Months on Phone & 6 Months on Accessories,4.1
194,"LAVA Blaze 2 5G (Glass Lavender, 128 GB)","₹11,399",6 GB RAM | 128 GB ROM16.66 cm (6.56 inch) Full HD+ Display50MP Rear Camera5000 mAh Battery1 Year Handset Warranty and 6 Months Warranty on Accessories,4.2
195,"vivo Y17s (Forest Green, 128 GB)","₹11,499",4 GB RAM | 128 GB ROM | Expandable Upto 1 TB16.66 cm (6.56 inch) HD+ Display50MP + 2MP | 8MP Front Camera5000 mAh BatteryHelio G85 Processor1 Year Manufacturer Warranty for Phone and 6 Months Warranty for In the Box Accessories,4.3
196,"OPPO A18 (Glowing Black, 128 GB)","₹10,499",4 GB RAM | 128 GB ROM16.66 cm (6.56 inch) HD+ Display8MP + 2MP | 5MP Front Camera5000 mAh BatteryHelio G85 Processor1 Year Manufacturer Warranty for Phone and 6 Months Warranty for In the Box Accessories,4.3
197,"REDMI Note 10S (Frost White, 64 GB)","₹14,999",6 GB RAM | 64 GB ROM | Expandable Upto 512 GB16.33 cm (6.43 inch) Full HD+ Super AMOLED Display64MP + 8MP + 2MP + 2MP | 13MP Front Camera5000 mAh Lithium-Ploymer BatteryMediatek Helio G95 Processor1 Year Manufacturer Warranty for Phone and 6 Months Warranty for In the Box Accessories,4.4
198,"OnePlus Nord CE 3 Lite 5G (Chromatic Gray, 128 GB)","₹18,328",8 GB RAM | 128 GB ROM17.07 cm (6.72 inch) Display108MP Rear Camera5000 mAh BatteryDomestic Warranty of 12 months on phone & 6 months on accessories,4.4
199,"SAMSUNG Galaxy F22 (Denim Blue, 128 GB)","₹13,499",6 GB RAM | 128 GB ROM | Expandable Upto 1 TB16.26 cm (6.4 inch) HD+ Display48MP + 8MP + 2MP + 2MP | 13MP Front Camera6000 mAh Lithium-ion BatteryMediaTek Helio G80 Processor1 Year Warranty Provided by the Manufacturer from Date of Purchase,4.3
200,"SAMSUNG Galaxy A14 5G (Black, 64 GB)","₹14,498",4 GB RAM | 64 GB ROM | Expandable Upto 1 TB16.76 cm (6.6 inch) HD+ Display50MP + 2MP | 13MP Front Camera5000 mAh Lithium Ion BatterySEC S5E8535 (Exynos 1330) Processor1 Year Manufacturer Warranty for Device and 6 Months Manufacturer Warranty for In-Box Accessories,4.1
201,"OPPO A78 5G (Glowing Blue, 128 GB)","₹17,999",8 GB RAM | 128 GB ROM16.66 cm (6.56 inch) HD+ Display50MP + 2MP | 8MP Front Camera5000 mAh Battery6833 Processor1 Year Manufacturer Warranty for Phone and 6 Months Warranty for In the Box Accessories,4.3
202,"REDMI Note 12 5G (Matte Black, 128 GB)","₹16,999",6 GB RAM | 128 GB ROM | Expandable Upto 1 TB16.94 cm (6.67 inch) Full HD+ AMOLED Display48MP + 8MP + 2MP | 13MP Front Camera5000 mAh BatteryQualcomm Snapdragon 4 Gen 1 Processor1 Year Manufacturer Warranty for Phone and 6 Months Warranty for In the Box Accessories,4.2
203,"OPPO A79 5G (Glowing Green, 128 GB)","₹18,999","8 GB RAM | 128 GB ROM | Expandable Upto 1 TB17.07 cm (6.72 inch) Full HD+ DisplayRear Camera: 50MP AI Camera, 2MP Portrait Camera Front Camera: 8MP Selfie Camera | 8MP Front Camera5000 mAh Lithium Polymer BatteryMediatek Dimensity 6020 ProcessorBefore going on the market, the product has gone through 6 tests, namely drop, anti-splash, radiation, weather, slight drop, and signal tests, and 5 safety protection steps, namely durability, fire and flame retardant, temperature protection, noise safety, and battery protection. 50-plus production-related checks, 130-plus ultra-stringent reliability tests, and 320-plus comprehensive testing processes, just to provide OPPO enduring craftsmanship and quality.
[1-Meter Directional Drop Test]
[150-Circle Tumbling Test]
[14,000 Micro-Drop Test]
[Water-Spray Test]
[1,000 25Kg Soft Pressure Tests]
[Stress Bending Test]
[500,000 On Button Press Tests]
[20,000 USB Plug/Unplug Tests]
[65°C 95%RH 168H High Temperature and High Humidity Test]
[100,000-Plus Rigorous Quality Tests]
* The data here refers to laboratory test data only and is not intended for quality assurance in daily use. The actual situation will be slightly different due to different test software versions, test environments, and versions.12 Months on Handset and 6 Months on Adapter & Cable",4.3
204,"Motorola G60 (Dynamic Gray, 128 GB)","₹14,999",6 GB RAM | 128 GB ROM17.27 cm (6.8 inch) Full HD+ Display108MP + 8MP + 2MP | 32MP Front Camera6000 mAh BatteryQualcomm Snapdragon 732G Processor120Hz Refresh RateStock Android Experience1 Year on Handset and 6 Months on Accessories,4.2
205,"Tecno Spark 10 Pro (Pearl White, 128 GB)","₹10,497",8 GB RAM | 128 GB ROM | Expandable Upto 1 TB17.22 cm (6.78 inch) Full HD+ Display50MP Rear Camera | 32MP Front Camera5000 mAh BatteryMediatek MT6769H Helio G88 Processor1 Year Manufacturer Warranty for Device and 6 Months Manufacturer Warranty for In-Box Accessories,4.1
206,"OPPO F21s Pro (Starlight Black, 128 GB)","₹18,949",8 GB RAM | 128 GB ROM16.33 cm (6.43 inch) Full HD+ Display64MP + 2MP + 2MP | 32MP Front Camera4500 mAh BatterySnapdragon 680 Processor1 Year Manufacturer Warranty for Phone and 6 Months Warranty for In the Box Accessories,4.2
207,"REDMI 10 Power (Power Black, 128 GB)","₹10,145",8 GB RAM | 128 GB ROM17.02 cm (6.7 inch) Display50MP Rear Camera | 5MP Front Camera6000 mAh Battery12 Months Warranty,4.2
208,"ASUS Zenfone Selfie (Grey, 32 GB)","₹17,999",3 GB RAM | 32 GB ROM | Expandable Upto 128 GB13.97 cm (5.5 inch) Full HD Display13MP Rear Camera | 13MP Front Camera3000 mAh Li-Polymer BatteryQualcomm Snapdragon 615 MSM8939 ProcessorBrand Warranty of 1 Year Available for Mobile and 6 Months for Accessories,4
209,"Tecno Spark Power 2 (Misty Grey, 64 GB)","₹11,999",4 GB RAM | 64 GB ROM | Expandable Upto 256 GB17.78 cm (7 inch) HD+ Display16 MP + 5 MP + 2 MP + AI Lens | 16MP Front Camera6000 mAh Li-ion Polymer BatteryMediaTek Helio P22 Octa Core Processor18 W Fast Charging1 Year for Handset + 1 Month Extended Warranty,4.3
210,"Micromax IN Note 1 (Green, 128 GB)","₹10,999",4 GB RAM | 128 GB ROM | Expandable Upto 256 GB16.94 cm (6.67 inch) Full HD+ Display48MP + 5MP + 2MP + 2MP | 16MP Front Camera5000 mAh Li-Polymer BatteryMediaTek Helio G85 (MT6769V/CZ) ProcessorBrand Warranty of 1 Year Available for Mobile and 6 Months for Accessories,4.1
211,"REDMI Note 11 (Space Black, 64 GB)","₹10,979",4 GB RAM | 64 GB ROM16.33 cm (6.43 inch) Display50MP Rear Camera | 13MP Front Camera5000 mAh Battery12 Months Warranty,4.2
212,"SAMSUNG Galaxy F23 5G (Aqua Blue, 128 GB)","₹18,499",6 GB RAM | 128 GB ROM | Expandable Upto 1 TB16.76 cm (6.6 inch) Full HD+ Display50MP + 8MP + 2MP | 8MP Front Camera5000 mAh Lithium Ion BatteryQualcomm Snapdragon 750G Processor1 Year Warranty Provided by the Manufacturer from Date of Purchase,4.3
213,"LAVA Blaze 1X 5G (Glass Green, 128 GB)","₹11,479",6 GB RAM | 128 GB ROM | Expandable Upto 1 TB16.51 cm (6.5 inch) HD+ Display50MP + 50MP + 2MP | 8MP + 8MP Dual Front Camera5000 mAh BatteryMediaTek Dimensity 700 Octa-core Processor Processor1 Year Handset Warranty and 6 Months Warranty on Accessories,4.1
214,"vivo Y35 (Dawn Gold, 128 GB)","₹13,989",8 GB RAM | 128 GB ROM16.71 cm (6.58 inch) Full HD+ Display50MP + 2MP + 2MP | 16MP Front Camera5000 mAh Lithium BatteryQualcomm Snapdragon 680 Processor1 Year of Device & 6 Months for In-Box Accessories,4.4
215,"vivo Y16 (Steller Black, 64 GB)","₹10,399",4 GB RAM | 64 GB ROM16.54 cm (6.51 inch) Display13MP Rear Camera5000 mAh Battery1 Year of Device & 6 Months for In-Box Accessories,4.3
